method,horizon,iou_mean,iou_std,dice_mean,dice_std,cloud_frac_abs_err_mean,cloud_frac_abs_err_std,n
convlstm,1,0.8912184787940043,0.014834059253518612,0.9424262964831364,0.008326733679088092,0.004992167154947917,0.0008879208098244338,6
convlstm,2,0.8161968301019108,0.019965557286038535,0.8986866182424588,0.012133626699885323,0.008580525716145834,0.0016960929386811117,6
persistence,1,0.8750645811212125,0.02520776560300834,0.9332097214514938,0.014313695277629393,0.0031229654947916665,0.0009188612528889072,6
persistence,2,0.7622078592086923,0.03455799914701175,0.8646986101007631,0.02212293279566179,0.006024678548177083,0.0018474963893917475,6
