method,horizon,iou_mean,iou_std,dice_mean,dice_std,cloud_frac_abs_err_mean,cloud_frac_abs_err_std,n
convlstm,1,0.8843866121296183,0.024888816888140156,0.9384890911037894,0.013920055302781639,0.008401053292410714,0.0012650342038356473,7
convlstm,2,0.8083148815310175,0.033360921390450694,0.8936802952383809,0.020088548085166275,0.012621198381696428,0.002050447220533364,7
persistence,1,0.897936316931838,0.027869317749255215,0.9460304568436531,0.01536749597300822,0.004946027483258929,0.0012259823312433186,7
persistence,2,0.7984586418794594,0.04382566927264773,0.8873787592380652,0.026714476253218676,0.009839739118303572,0.0021008685234535328,7
