method,horizon,iou_mean,iou_std,dice_mean,dice_std,cloud_frac_abs_err_mean,cloud_frac_abs_err_std,n
convlstm,1,0.9064165168679256,0.017485075417603215,0.9508298369364604,0.009624403279576706,0.0056915283203125,0.0015114162415108114,13
convlstm,2,0.8328450966978534,0.02512701640249957,0.9086107945409527,0.014977182881196996,0.010032066932091346,0.002942346768848827,13
persistence,1,0.887465217149032,0.026472484631374995,0.9401856891266809,0.014842040334892243,0.005649273212139423,0.0017334923902999682,13
persistence,2,0.7838790918955006,0.03989121717363253,0.8783326810968735,0.024957378761790848,0.010978111853966346,0.0036526750017878027,13
