method,horizon,iou_mean,iou_std,dice_mean,dice_std,cloud_frac_abs_err_mean,cloud_frac_abs_err_std,n
convlstm,1,0.9039580465192082,0.032790593755118246,0.9492620691648826,0.018177942763540757,0.002770816578584559,0.0013484947692732094,17
convlstm,2,0.8374822843371283,0.05594918162330106,0.9105933683804862,0.033534043987518115,0.004910637350643382,0.002408951785851825,17
persistence,1,0.853931781444797,0.04611753739604684,0.9205809092304867,0.02694563232463117,0.0018490062040441176,0.0009205242374364235,17
persistence,2,0.7330649496212092,0.07786270085396862,0.8437704959002592,0.052161725209470815,0.003562478458180147,0.0016408974065080279,17
