method,horizon,iou_mean,iou_std,dice_mean,dice_std,cloud_frac_abs_err_mean,cloud_frac_abs_err_std,n
convlstm,1,0.9224025483008614,0.01458970947612112,0.9595781666697069,0.0079808382404478,0.0040363984949448525,0.0011083401553214026,17
convlstm,2,0.8639817588172303,0.02730540660539127,0.9268070989875171,0.016033034753260383,0.0074534696691176475,0.0024197759735312143,17
persistence,1,0.8894531674250968,0.02054262363484586,0.9413744372662476,0.011556739770238493,0.002271764418658088,0.001812538321149917,17
persistence,2,0.7895721726654452,0.03226375487481279,0.8820724206728572,0.020159991994348998,0.004633286420036764,0.0035902196790267493,17
