method,horizon,iou_mean,iou_std,dice_mean,dice_std,cloud_frac_abs_err_mean,cloud_frac_abs_err_std,n
convlstm,1,0.9171468326992748,0.018228340622302146,0.9566942203866124,0.009931032364220478,0.002570657169117647,0.0007409182640851586,17
convlstm,2,0.8590815891894733,0.02967381733192881,0.9239410686554996,0.01723708659927676,0.004609051872702206,0.001446595075831617,17
persistence,1,0.8724382673691302,0.01919823257277162,0.9317683782714878,0.010945476630521206,0.0014666389016544119,0.0007579618652913019,17
persistence,2,0.7606104192880293,0.03012496995751134,0.8637186673451873,0.019356417185605514,0.003012264476102941,0.0015372146949153218,17
