method,horizon,iou_mean,iou_std,dice_mean,dice_std,cloud_frac_abs_err_mean,cloud_frac_abs_err_std,n
convlstm,1,0.8055579025742818,0.07588523091386193,0.8904207983286189,0.04776085983559273,0.0015240837545955881,0.0006542374267398104,17
convlstm,2,0.7142936666116436,0.11397726490334047,0.8282341845234558,0.0817000131983832,0.002793255974264706,0.0008720980411717367,17
persistence,1,0.775152810916546,0.09606621803424627,0.8702564103914145,0.06051495922094685,0.001182107364430147,0.0009841197031300519,17
persistence,2,0.6187928805590014,0.1525588164276215,0.7542831060192183,0.11555954234453435,0.0023193359375,0.0018345719570265035,17
