method,horizon,iou_mean,iou_std,dice_mean,dice_std,cloud_frac_abs_err_mean,cloud_frac_abs_err_std,n
convlstm,1,0.8760298664434883,0.05242792544539614,0.933136964810426,0.030314437746415363,0.003639808067908654,0.0009154979994546111,13
convlstm,2,0.7757235159523818,0.09908165132544515,0.8703343047693112,0.06536071802304974,0.006340613731971154,0.0014354703328187462,13
persistence,1,0.8736804379539754,0.056268771511249004,0.9316743103497566,0.03275185053048287,0.003277118389423077,0.0007669762650877834,13
persistence,2,0.7520813287410958,0.10701268344428104,0.8543992078652543,0.07279351670285696,0.006463857797475962,0.0013054298836275011,13
