method,horizon,iou_mean,iou_std,dice_mean,dice_std,cloud_frac_abs_err_mean,cloud_frac_abs_err_std,n
convlstm,1,0.8798530134487853,0.006933033623292324,0.9360749427543643,0.003933344327966671,0.010327657063802084,0.0008609211984765353,6
convlstm,2,0.7967555837834088,0.009309114347842125,0.886857764288758,0.00573989507676992,0.019696553548177082,0.001533744882329213,6
persistence,1,0.9509041329383988,0.013513432879637714,0.9747929983135543,0.007155317422571821,0.0010986328125,0.00043991911870831037,6
persistence,2,0.9068101576276546,0.013913138004041632,0.9510812784667984,0.007665284195204048,0.0020955403645833335,0.0006970890010239267,6
