method,horizon,iou_mean,iou_std,dice_mean,dice_std,cloud_frac_abs_err_mean,cloud_frac_abs_err_std,n
convlstm,1,0.960534464733716,0.08125705784407276,0.9777847922295391,0.052067777355037856,0.014058759135584678,0.03213506641205124,31
convlstm,2,0.947982497743023,0.07881308104950442,0.9713104856999137,0.050810233911823266,0.015008249590473791,0.03177284040933151,31
persistence,1,0.9491495842348276,0.1075282054561371,0.9701752467689769,0.07000614170915682,0.011190106791834678,0.0381608610273735,31
persistence,2,0.9315919450795735,0.10281509020494989,0.9611130509121827,0.06742554517054768,0.012053951140372984,0.03824894218174828,31
