method,horizon,iou_mean,iou_std,dice_mean,dice_std,cloud_frac_abs_err_mean,cloud_frac_abs_err_std,n
convlstm,1,0.9618813433081712,0.0879321593615336,0.9781410751978369,0.05635822154071815,0.01603416160300926,0.03397684219260992,27
convlstm,2,0.9506667024494485,0.08534625238050005,0.9723922390503533,0.05506986038449681,0.021402994791666668,0.03339027371719019,27
persistence,1,0.9501894866943581,0.11602286549487659,0.9701260182811132,0.07562681115269755,0.011781480577256944,0.039019812434910754,27
persistence,2,0.9368498102066732,0.11190003492249628,0.9633107150885039,0.07342136764034404,0.01224376537181713,0.03894604008469241,27
