method,horizon,iou_mean,iou_std,dice_mean,dice_std,cloud_frac_abs_err_mean,cloud_frac_abs_err_std,n
convlstm,1,0.8606834132019745,0.10097341946592325,0.9220872185723268,0.05843984317283557,0.001329345703125,0.001108840218558263,25
convlstm,2,0.7967412958702466,0.1258193848390927,0.8818606309232713,0.07466629761206459,0.0024932861328125,0.002033587884729627,25
persistence,1,0.8186108165041651,0.24712428893583221,0.8707928323831847,0.2296939260023721,0.0005865478515625,0.0005812724156996714,25
persistence,2,0.7004380900486201,0.29697853304171884,0.775647810970448,0.29283392101743266,0.001199951171875,0.0011067170709754064,25
